{"type": "scene", "properties": {"baseExtent": {"cx": 510106.68560606055, "cy": 1089681.079545454, "width": 258.5227272727061, "height": 258.5227272727061, "rotation": 0}, "origin": {"x": 510106.68560606055, "y": 1089681.079545454, "z": 0.0}, "zScale": 1.5, "light": "directional"}, "layers": [{"type": "layer", "id": 0, "properties": {"name": "puntos_mod2", "clickable": true, "visible": true, "type": "point", "objType": "Sphere"}, "data": {"materials": [{"type": 0, "c": 29695}], "blocks": [{"url": "./data/mapac2/a0.json", "featureCount": 50}, {"url": "./data/mapac2/a1.json", "featureCount": 50}, {"url": "./data/mapac2/a2.json", "featureCount": 50}, {"url": "./data/mapac2/a3.json", "featureCount": 50}, {"url": "./data/mapac2/a4.json", "featureCount": 50}, {"url": "./data/mapac2/a5.json", "featureCount": 50}, {"url": "./data/mapac2/a6.json", "featureCount": 50}, {"url": "./data/mapac2/a7.json", "featureCount": 50}, {"url": "./data/mapac2/a8.json", "featureCount": 50}, {"url": "./data/mapac2/a9.json", "featureCount": 50}, {"url": "./data/mapac2/a10.json", "featureCount": 8}]}}, {"type": "layer", "id": 1, "properties": {"name": "Merged", "clickable": true, "visible": true, "type": "dem", "clipped": false, "mtlNames": ["map (canvas)"], "mtlIdx": 0}, "data": [{"type": "block", "layer": 1, "block": 0, "materials": [{"type": 0, "image": {"url": "./data/mapac2/b0.png"}, "ds": 1, "mtlIndex": 0, "useNow": true}]}, {"type": "block", "layer": 1, "block": 0, "width": 258.5227272727061, "height": 258.5227272727061, "translate": [0.0, 0.0, 0], "zScale": 1.5, "grid": {"width": 201, "height": 201, "url": "./data/mapac2/b0.bin"}}]}], "animation": {"groups": []}}